{"cameraMode":{"drawMode":0,"name":"Shaded","section":"Shading Mode"},"sceneLighting":false,"audioPlay":false,"sceneViewState":{"showFog":false,"showMaterialUpdate":false,"showSkybox":false,"showFlares":false,"showImageEffects":false,"showParticleSystems":false},"in2DMode":false,"pivot":{"x":-0.12700000405311585,"y":3.1419999599456789,"z":0.09799999743700028},"rotation":{"x":-0.3384920358657837,"y":-0.0008487135055474937,"z":0.0003091759281232953,"w":-0.940984308719635},"size":10.0,"orthographic":false}