{"cameraMode":{"drawMode":0,"name":"Shaded","section":"Shading Mode"},"sceneLighting":true,"audioPlay":false,"sceneViewState":{"showFog":false,"showMaterialUpdate":false,"showSkybox":false,"showFlares":false,"showImageEffects":false,"showParticleSystems":false},"in2DMode":false,"pivot":{"x":-5.980024337768555,"y":-296.9303283691406,"z":429.04278564453127},"rotation":{"x":-0.30011120438575747,"y":0.006294215563684702,"z":-0.0019751309882849457,"w":-0.9539055824279785},"size":266.6744689941406,"orthographic":false}